,date,n_sick,calls,n_duty,n_sby,sby_need,dafted
0,2016-04-01,73,8154.0,1700,90,4.0,0.0
1,2016-04-02,64,8526.0,1700,90,70.0,0.0
2,2016-04-03,68,8088.0,1700,90,0.0,0.0
3,2016-04-04,71,7044.0,1700,90,0.0,0.0
4,2016-04-05,63,7236.0,1700,90,0.0,0.0
5,2016-04-06,70,6492.0,1700,90,0.0,0.0
6,2016-04-07,64,6204.0,1700,90,0.0,0.0
7,2016-04-08,62,7614.0,1700,90,0.0,0.0
8,2016-04-09,51,5706.0,1700,90,0.0,0.0
9,2016-04-10,54,6606.0,1700,90,0.0,0.0
10,2016-04-11,50,6822.0,1700,90,0.0,0.0
11,2016-04-12,49,6060.0,1700,90,0.0,0.0
12,2016-04-13,53,5964.0,1700,90,0.0,0.0
13,2016-04-14,52,5928.0,1700,90,0.0,0.0
14,2016-04-15,63,7608.0,1700,90,0.0,0.0
15,2016-04-16,55,6768.0,1700,90,0.0,0.0
16,2016-04-17,51,7242.0,1700,90,0.0,0.0
17,2016-04-18,59,6768.0,1700,90,0.0,0.0
18,2016-04-19,57,8676.0,1700,90,93.0,3.0
19,2016-04-20,53,6270.0,1700,90,0.0,0.0
20,2016-04-21,63,7818.0,1700,90,0.0,0.0
21,2016-04-22,68,5712.0,1700,90,0.0,0.0
22,2016-04-23,62,5166.0,1700,90,0.0,0.0
23,2016-04-24,71,4884.0,1700,90,0.0,0.0
24,2016-04-25,72,5880.0,1700,90,0.0,0.0
25,2016-04-26,65,6576.0,1700,90,0.0,0.0
26,2016-04-27,62,7620.0,1700,90,0.0,0.0
27,2016-04-28,66,6870.0,1700,90,0.0,0.0
28,2016-04-29,64,7554.0,1700,90,0.0,0.0
29,2016-04-30,65,5424.0,1700,90,0.0,0.0
30,2016-05-01,54,8400.0,1700,90,34.0,0.0
31,2016-05-02,63,7782.0,1700,90,0.0,0.0
32,2016-05-03,61,7716.0,1700,90,0.0,0.0
33,2016-05-04,58,8340.0,1700,90,26.0,0.0
34,2016-05-05,57,8064.0,1700,90,0.0,0.0
35,2016-05-06,59,7404.0,1700,90,0.0,0.0
36,2016-05-07,57,8868.0,1700,90,131.0,41.0
37,2016-05-08,61,6504.0,1700,90,0.0,0.0
38,2016-05-09,65,7788.0,1700,90,0.0,0.0
39,2016-05-10,68,6978.0,1700,90,0.0,0.0
40,2016-05-11,61,7512.0,1700,90,0.0,0.0
41,2016-05-12,55,7434.0,1700,90,0.0,0.0
42,2016-05-13,56,8370.0,1700,90,30.0,0.0
43,2016-05-14,50,8136.0,1700,90,0.0,0.0
44,2016-05-15,57,7674.0,1700,90,0.0,0.0
45,2016-05-16,52,9048.0,1700,90,162.0,72.0
46,2016-05-17,53,8550.0,1700,90,63.0,0.0
47,2016-05-18,52,8184.0,1700,90,0.0,0.0
48,2016-05-19,51,8352.0,1700,90,22.0,0.0
49,2016-05-20,57,5790.0,1700,90,0.0,0.0
50,2016-05-21,56,8382.0,1700,90,33.0,0.0
51,2016-05-22,58,6516.0,1700,90,0.0,0.0
52,2016-05-23,57,7824.0,1700,90,0.0,0.0
53,2016-05-24,55,6312.0,1700,90,0.0,0.0
54,2016-05-25,49,8196.0,1700,90,0.0,0.0
55,2016-05-26,46,8124.0,1700,90,0.0,0.0
56,2016-05-27,50,6084.0,1700,90,0.0,0.0
57,2016-05-28,50,6174.0,1700,90,0.0,0.0
58,2016-05-29,52,6984.0,1700,90,0.0,0.0
59,2016-05-30,59,8670.0,1700,90,93.0,3.0
60,2016-05-31,59,8004.0,1700,90,0.0,0.0
61,2016-06-01,64,7656.0,1700,90,0.0,0.0
62,2016-06-02,63,8298.0,1700,90,23.0,0.0
63,2016-06-03,69,8922.0,1700,90,154.0,64.0
64,2016-06-04,67,9426.0,1700,90,253.0,163.0
65,2016-06-05,61,8514.0,1700,90,64.0,0.0
66,2016-06-06,62,9426.0,1700,90,248.0,158.0
67,2016-06-07,53,9414.0,1700,90,236.0,146.0
68,2016-06-08,50,7260.0,1700,90,0.0,0.0
69,2016-06-09,48,6762.0,1700,90,0.0,0.0
70,2016-06-10,53,7230.0,1700,90,0.0,0.0
71,2016-06-11,51,7710.0,1700,90,0.0,0.0
72,2016-06-12,59,6462.0,1700,90,0.0,0.0
73,2016-06-13,66,8790.0,1700,90,124.0,34.0
74,2016-06-14,58,8160.0,1700,90,0.0,0.0
75,2016-06-15,53,8538.0,1700,90,61.0,0.0
76,2016-06-16,55,8094.0,1700,90,0.0,0.0
77,2016-06-17,54,6918.0,1700,90,0.0,0.0
78,2016-06-18,54,6894.0,1700,90,0.0,0.0
79,2016-06-19,56,6840.0,1700,90,0.0,0.0
80,2016-06-20,57,8562.0,1700,90,70.0,0.0
81,2016-06-21,60,8754.0,1700,90,111.0,21.0
82,2016-06-22,61,8058.0,1700,90,0.0,0.0
83,2016-06-23,60,8316.0,1700,90,24.0,0.0
84,2016-06-24,53,5916.0,1700,90,0.0,0.0
85,2016-06-25,45,7272.0,1700,90,0.0,0.0
86,2016-06-26,48,7794.0,1700,90,0.0,0.0
87,2016-06-27,50,8964.0,1700,90,143.0,53.0
88,2016-06-28,44,7788.0,1700,90,0.0,0.0
89,2016-06-29,44,6600.0,1700,90,0.0,0.0
90,2016-06-30,48,6708.0,1700,90,0.0,0.0
91,2016-07-01,41,8742.0,1700,90,90.0,0.0
92,2016-07-02,40,7116.0,1700,90,0.0,0.0
93,2016-07-03,46,8376.0,1700,90,22.0,0.0
94,2016-07-04,50,8526.0,1700,90,56.0,0.0
95,2016-07-05,47,8550.0,1700,90,57.0,0.0
96,2016-07-06,51,9702.0,1700,90,292.0,202.0
97,2016-07-07,60,8442.0,1700,90,49.0,0.0
98,2016-07-08,64,9024.0,1700,90,169.0,79.0
99,2016-07-09,69,8532.0,1700,90,76.0,0.0
100,2016-07-10,70,7374.0,1700,90,0.0,0.0
101,2016-07-11,70,9492.0,1700,90,269.0,179.0
102,2016-07-12,52,8130.0,1700,90,0.0,0.0
103,2016-07-13,48,9012.0,1700,90,151.0,61.0
104,2016-07-14,48,9228.0,1700,90,194.0,104.0
105,2016-07-15,54,7626.0,1700,90,0.0,0.0
106,2016-07-16,58,6234.0,1700,90,0.0,0.0
107,2016-07-17,63,5592.0,1700,90,0.0,0.0
108,2016-07-18,67,7452.0,1700,90,0.0,0.0
109,2016-07-19,62,6744.0,1700,90,0.0,0.0
110,2016-07-20,69,6870.0,1700,90,0.0,0.0
111,2016-07-21,73,6924.0,1700,90,0.0,0.0
112,2016-07-22,67,8844.0,1700,90,136.0,46.0
113,2016-07-23,63,6450.0,1700,90,0.0,0.0
114,2016-07-24,60,5892.0,1700,90,0.0,0.0
115,2016-07-25,62,7368.0,1700,90,0.0,0.0
116,2016-07-26,53,7488.0,1700,90,0.0,0.0
117,2016-07-27,49,6684.0,1700,90,0.0,0.0
118,2016-07-28,51,7062.0,1700,90,0.0,0.0
119,2016-07-29,50,6978.0,1700,90,0.0,0.0
120,2016-07-30,49,6480.0,1700,90,0.0,0.0
121,2016-07-31,51,6210.0,1700,90,0.0,0.0
122,2016-08-01,53,10536.0,1700,90,461.0,371.0
123,2016-08-02,51,10392.0,1700,90,430.0,340.0
124,2016-08-03,49,9516.0,1700,90,253.0,163.0
125,2016-08-04,52,9840.0,1700,90,320.0,230.0
126,2016-08-05,49,9258.0,1700,90,201.0,111.0
127,2016-08-06,44,9006.0,1700,90,146.0,56.0
128,2016-08-07,46,5904.0,1700,90,0.0,0.0
129,2016-08-08,40,7428.0,1700,90,0.0,0.0
130,2016-08-09,37,6840.0,1700,90,0.0,0.0
131,2016-08-10,38,7506.0,1700,90,0.0,0.0
132,2016-08-11,45,8526.0,1700,90,51.0,0.0
133,2016-08-12,43,8256.0,1700,90,0.0,0.0
134,2016-08-13,38,6762.0,1700,90,0.0,0.0
135,2016-08-14,38,5778.0,1700,90,0.0,0.0
136,2016-08-15,42,7404.0,1700,90,0.0,0.0
137,2016-08-16,44,7134.0,1700,90,0.0,0.0
138,2016-08-17,47,6540.0,1700,90,0.0,0.0
139,2016-08-18,46,8670.0,1700,90,80.0,0.0
140,2016-08-19,45,8028.0,1700,90,0.0,0.0
141,2016-08-20,36,6318.0,1700,90,0.0,0.0
142,2016-08-21,44,8214.0,1700,90,0.0,0.0
143,2016-08-22,49,6654.0,1700,90,0.0,0.0
144,2016-08-23,48,8082.0,1700,90,0.0,0.0
145,2016-08-24,49,8430.0,1700,90,35.0,0.0
146,2016-08-25,52,7140.0,1700,90,0.0,0.0
147,2016-08-26,55,8082.0,1700,90,0.0,0.0
148,2016-08-27,48,7626.0,1700,90,0.0,0.0
149,2016-08-28,49,6990.0,1700,90,0.0,0.0
150,2016-08-29,60,6840.0,1700,90,0.0,0.0
151,2016-08-30,59,8592.0,1700,90,78.0,0.0
152,2016-08-31,54,8886.0,1700,90,132.0,42.0
153,2016-09-01,52,9318.0,1700,90,216.0,126.0
154,2016-09-02,61,9366.0,1700,90,235.0,145.0
155,2016-09-03,55,7380.0,1700,90,0.0,0.0
156,2016-09-04,69,7536.0,1700,90,0.0,0.0
157,2016-09-05,73,7548.0,1700,90,0.0,0.0
158,2016-09-06,67,7560.0,1700,90,0.0,0.0
159,2016-09-07,64,8568.0,1700,90,78.0,0.0
160,2016-09-08,67,8748.0,1700,90,117.0,27.0
161,2016-09-09,62,6582.0,1700,90,0.0,0.0
162,2016-09-10,59,7374.0,1700,90,0.0,0.0
163,2016-09-11,68,8202.0,1700,90,9.0,0.0
164,2016-09-12,72,6564.0,1700,90,0.0,0.0
165,2016-09-13,65,7230.0,1700,90,0.0,0.0
166,2016-09-14,68,8514.0,1700,90,71.0,0.0
167,2016-09-15,75,8280.0,1700,90,31.0,0.0
168,2016-09-16,71,7824.0,1700,90,0.0,0.0
169,2016-09-17,74,6660.0,1700,90,0.0,0.0
170,2016-09-18,81,6126.0,1700,90,0.0,0.0
171,2016-09-19,75,7926.0,1700,90,0.0,0.0
172,2016-09-20,72,7362.0,1700,90,0.0,0.0
173,2016-09-21,80,8532.0,1700,90,87.0,0.0
174,2016-09-22,77,8286.0,1700,90,35.0,0.0
175,2016-09-23,76,5808.0,1700,90,0.0,0.0
176,2016-09-24,71,7842.0,1700,90,0.0,0.0
177,2016-09-25,79,5328.0,1700,90,0.0,0.0
178,2016-09-26,80,8550.0,1700,90,90.0,0.0
179,2016-09-27,90,7638.0,1700,90,0.0,0.0
180,2016-09-28,89,6924.0,1700,90,0.0,0.0
181,2016-09-29,89,8172.0,1700,90,24.0,0.0
182,2016-09-30,91,8520.0,1700,90,95.0,5.0
183,2016-10-01,72,6492.0,1700,90,0.0,0.0
184,2016-10-02,77,7872.0,1700,90,0.0,0.0
185,2016-10-03,83,8004.0,1700,90,0.0,0.0
186,2016-10-04,85,7398.0,1700,90,0.0,0.0
187,2016-10-05,83,8136.0,1700,90,11.0,0.0
188,2016-10-06,77,7020.0,1700,90,0.0,0.0
189,2016-10-07,84,6072.0,1700,90,0.0,0.0
190,2016-10-08,77,7176.0,1700,90,0.0,0.0
191,2016-10-09,81,7842.0,1700,90,0.0,0.0
192,2016-10-10,91,7818.0,1700,90,0.0,0.0
193,2016-10-11,80,7908.0,1700,90,0.0,0.0
194,2016-10-12,81,6396.0,1700,90,0.0,0.0
195,2016-10-13,84,6930.0,1700,90,0.0,0.0
196,2016-10-14,90,7728.0,1700,90,0.0,0.0
197,2016-10-15,86,6954.0,1700,90,0.0,0.0
198,2016-10-16,86,7614.0,1700,90,0.0,0.0
199,2016-10-17,90,6666.0,1700,90,0.0,0.0
200,2016-10-18,78,7200.0,1700,90,0.0,0.0
201,2016-10-19,75,8094.0,1700,90,0.0,0.0
202,2016-10-20,73,7440.0,1700,90,0.0,0.0
203,2016-10-21,77,6234.0,1700,90,0.0,0.0
204,2016-10-22,75,6660.0,1700,90,0.0,0.0
205,2016-10-23,70,5004.0,1700,90,0.0,0.0
206,2016-10-24,73,8544.0,1700,90,82.0,0.0
207,2016-10-25,59,6204.0,1700,90,0.0,0.0
208,2016-10-26,57,6108.0,1700,90,0.0,0.0
209,2016-10-27,60,6366.0,1700,90,0.0,0.0
210,2016-10-28,61,5430.0,1700,90,0.0,0.0
211,2016-10-29,50,7980.0,1700,90,0.0,0.0
212,2016-10-30,59,5730.0,1700,90,0.0,0.0
213,2016-10-31,71,5874.0,1700,90,0.0,0.0
214,2016-11-01,65,9600.0,1700,90,285.0,195.0
215,2016-11-02,66,6576.0,1700,90,0.0,0.0
216,2016-11-03,62,8352.0,1700,90,33.0,0.0
217,2016-11-04,62,6984.0,1700,90,0.0,0.0
218,2016-11-05,47,5562.0,1700,90,0.0,0.0
219,2016-11-06,48,6366.0,1700,90,0.0,0.0
220,2016-11-07,57,7098.0,1700,90,0.0,0.0
221,2016-11-08,57,6552.0,1700,90,0.0,0.0
222,2016-11-09,55,6966.0,1700,90,0.0,0.0
223,2016-11-10,55,5730.0,1700,90,0.0,0.0
224,2016-11-11,57,7110.0,1700,90,0.0,0.0
225,2016-11-12,44,7140.0,1700,90,0.0,0.0
226,2016-11-13,48,6072.0,1700,90,0.0,0.0
227,2016-11-14,58,7710.0,1700,90,0.0,0.0
228,2016-11-15,64,8190.0,1700,90,2.0,0.0
229,2016-11-16,61,5598.0,1700,90,0.0,0.0
230,2016-11-17,62,6684.0,1700,90,0.0,0.0
231,2016-11-18,64,6276.0,1700,90,0.0,0.0
232,2016-11-19,59,5820.0,1700,90,0.0,0.0
233,2016-11-20,72,5160.0,1700,90,0.0,0.0
234,2016-11-21,70,7998.0,1700,90,0.0,0.0
235,2016-11-22,67,6852.0,1700,90,0.0,0.0
236,2016-11-23,73,8256.0,1700,90,25.0,0.0
237,2016-11-24,78,7494.0,1700,90,0.0,0.0
238,2016-11-25,76,7722.0,1700,90,0.0,0.0
239,2016-11-26,67,6438.0,1700,90,0.0,0.0
240,2016-11-27,65,5526.0,1700,90,0.0,0.0
241,2016-11-28,62,6558.0,1700,90,0.0,0.0
242,2016-11-29,55,6624.0,1700,90,0.0,0.0
243,2016-11-30,49,6384.0,1700,90,0.0,0.0
244,2016-12-01,43,6450.0,1700,90,0.0,0.0
245,2016-12-02,46,8436.0,1700,90,34.0,0.0
246,2016-12-03,45,5748.0,1700,90,0.0,0.0
247,2016-12-04,51,5532.0,1700,90,0.0,0.0
248,2016-12-05,50,7674.0,1700,90,0.0,0.0
249,2016-12-06,47,7422.0,1700,90,0.0,0.0
250,2016-12-07,55,7086.0,1700,90,0.0,0.0
251,2016-12-08,60,6174.0,1700,90,0.0,0.0
252,2016-12-09,57,6120.0,1700,90,0.0,0.0
253,2016-12-10,56,6942.0,1700,90,0.0,0.0
254,2016-12-11,60,7098.0,1700,90,0.0,0.0
255,2016-12-12,70,7506.0,1700,90,0.0,0.0
256,2016-12-13,68,7116.0,1700,90,0.0,0.0
257,2016-12-14,71,5934.0,1700,90,0.0,0.0
258,2016-12-15,70,5118.0,1700,90,0.0,0.0
259,2016-12-16,62,5802.0,1700,90,0.0,0.0
260,2016-12-17,57,6642.0,1700,90,0.0,0.0
261,2016-12-18,62,4692.0,1700,90,0.0,0.0
262,2016-12-19,61,6798.0,1700,90,0.0,0.0
263,2016-12-20,51,6480.0,1700,90,0.0,0.0
264,2016-12-21,49,5244.0,1700,90,0.0,0.0
265,2016-12-22,49,6000.0,1700,90,0.0,0.0
266,2016-12-23,48,5496.0,1700,90,0.0,0.0
267,2016-12-24,44,5172.0,1700,90,0.0,0.0
268,2016-12-25,50,6030.0,1700,90,0.0,0.0
269,2016-12-26,61,6714.0,1700,90,0.0,0.0
270,2016-12-27,80,6828.0,1700,90,0.0,0.0
271,2016-12-28,91,6096.0,1700,90,0.0,0.0
272,2016-12-29,96,7326.0,1700,90,0.0,0.0
273,2016-12-30,92,5478.0,1700,90,0.0,0.0
274,2016-12-31,66,5754.0,1700,90,0.0,0.0
275,2017-01-01,60,6336.0,1800,90,0.0,0.0
276,2017-01-02,70,8550.0,1800,90,0.0,0.0
277,2017-01-03,74,8238.0,1800,90,0.0,0.0
278,2017-01-04,76,7902.0,1800,90,0.0,0.0
279,2017-01-05,76,8268.0,1800,90,0.0,0.0
280,2017-01-06,71,6054.0,1800,90,0.0,0.0
281,2017-01-07,81,7152.0,1800,90,0.0,0.0
282,2017-01-08,88,6318.0,1800,90,0.0,0.0
283,2017-01-09,89,5418.0,1800,90,0.0,0.0
284,2017-01-10,80,5376.0,1800,90,0.0,0.0
285,2017-01-11,73,5976.0,1800,90,0.0,0.0
286,2017-01-12,55,6414.0,1800,90,0.0,0.0
287,2017-01-13,47,5496.0,1800,90,0.0,0.0
288,2017-01-14,49,4668.0,1800,90,0.0,0.0
289,2017-01-15,53,4074.0,1800,90,0.0,0.0
290,2017-01-16,58,6300.0,1800,90,0.0,0.0
291,2017-01-17,52,6948.0,1800,90,0.0,0.0
292,2017-01-18,50,4920.0,1800,90,0.0,0.0
293,2017-01-19,55,4938.0,1800,90,0.0,0.0
294,2017-01-20,62,6870.0,1800,90,0.0,0.0
295,2017-01-21,58,5592.0,1800,90,0.0,0.0
296,2017-01-22,60,6618.0,1800,90,0.0,0.0
297,2017-01-23,65,7248.0,1800,90,0.0,0.0
298,2017-01-24,63,5400.0,1800,90,0.0,0.0
299,2017-01-25,57,4860.0,1800,90,0.0,0.0
300,2017-01-26,66,5196.0,1800,90,0.0,0.0
301,2017-01-27,73,6330.0,1800,90,0.0,0.0
302,2017-01-28,62,5442.0,1800,90,0.0,0.0
303,2017-01-29,64,5742.0,1800,90,0.0,0.0
304,2017-01-30,67,7212.0,1800,90,0.0,0.0
305,2017-01-31,56,5904.0,1800,90,0.0,0.0
306,2017-02-01,48,6786.0,1800,90,0.0,0.0
307,2017-02-02,50,8844.0,1800,90,19.0,0.0
308,2017-02-03,54,7494.0,1800,90,0.0,0.0
309,2017-02-04,44,6666.0,1800,90,0.0,0.0
310,2017-02-05,48,5898.0,1800,90,0.0,0.0
311,2017-02-06,58,8844.0,1800,90,27.0,0.0
312,2017-02-07,60,6798.0,1800,90,0.0,0.0
313,2017-02-08,65,8664.0,1800,90,0.0,0.0
314,2017-02-09,60,6204.0,1800,90,0.0,0.0
315,2017-02-10,66,7032.0,1800,90,0.0,0.0
316,2017-02-11,62,7638.0,1800,90,0.0,0.0
317,2017-02-12,58,7398.0,1800,90,0.0,0.0
318,2017-02-13,62,5724.0,1800,90,0.0,0.0
319,2017-02-14,56,6816.0,1800,90,0.0,0.0
320,2017-02-15,60,5868.0,1800,90,0.0,0.0
321,2017-02-16,67,7812.0,1800,90,0.0,0.0
322,2017-02-17,63,7272.0,1800,90,0.0,0.0
323,2017-02-18,52,7464.0,1800,90,0.0,0.0
324,2017-02-19,54,5268.0,1800,90,0.0,0.0
325,2017-02-20,57,5814.0,1800,90,0.0,0.0
326,2017-02-21,58,5820.0,1800,90,0.0,0.0
327,2017-02-22,60,7056.0,1800,90,0.0,0.0
328,2017-02-23,58,8088.0,1800,90,0.0,0.0
329,2017-02-24,64,6696.0,1800,90,0.0,0.0
330,2017-02-25,57,5388.0,1800,90,0.0,0.0
331,2017-02-26,57,5994.0,1800,90,0.0,0.0
332,2017-02-27,58,6822.0,1800,90,0.0,0.0
333,2017-02-28,55,7338.0,1800,90,0.0,0.0
334,2017-03-01,53,10074.0,1800,90,268.0,178.0
335,2017-03-02,54,9246.0,1800,90,104.0,14.0
336,2017-03-03,50,8616.0,1800,90,0.0,0.0
337,2017-03-04,47,6636.0,1800,90,0.0,0.0
338,2017-03-05,58,6288.0,1800,90,0.0,0.0
339,2017-03-06,61,8670.0,1800,90,0.0,0.0
340,2017-03-07,56,6948.0,1800,90,0.0,0.0
341,2017-03-08,52,8700.0,1800,90,0.0,0.0
342,2017-03-09,55,9030.0,1800,90,61.0,0.0
343,2017-03-10,61,8166.0,1800,90,0.0,0.0
344,2017-03-11,57,7548.0,1800,90,0.0,0.0
345,2017-03-12,61,6564.0,1800,90,0.0,0.0
346,2017-03-13,66,6174.0,1800,90,0.0,0.0
347,2017-03-14,57,7188.0,1800,90,0.0,0.0
348,2017-03-15,60,7686.0,1800,90,0.0,0.0
349,2017-03-16,61,6942.0,1800,90,0.0,0.0
350,2017-03-17,60,5724.0,1800,90,0.0,0.0
351,2017-03-18,54,7620.0,1800,90,0.0,0.0
352,2017-03-19,58,6066.0,1800,90,0.0,0.0
353,2017-03-20,59,6486.0,1800,90,0.0,0.0
354,2017-03-21,58,8352.0,1800,90,0.0,0.0
355,2017-03-22,57,8412.0,1800,90,0.0,0.0
356,2017-03-23,56,7170.0,1800,90,0.0,0.0
357,2017-03-24,53,6918.0,1800,90,0.0,0.0
358,2017-03-25,48,6636.0,1800,90,0.0,0.0
359,2017-03-26,48,6756.0,1800,90,0.0,0.0
360,2017-03-27,56,8856.0,1800,90,28.0,0.0
361,2017-03-28,56,8688.0,1800,90,0.0,0.0
362,2017-03-29,59,8112.0,1800,90,0.0,0.0
363,2017-03-30,58,7728.0,1800,90,0.0,0.0
364,2017-03-31,58,8394.0,1800,90,0.0,0.0
365,2017-04-01,45,9774.0,1800,90,200.0,110.0
366,2017-04-02,45,6630.0,1800,90,0.0,0.0
367,2017-04-03,49,10170.0,1800,90,283.0,193.0
368,2017-04-04,52,9324.0,1800,90,117.0,27.0
369,2017-04-05,48,7770.0,1800,90,0.0,0.0
370,2017-04-06,43,7284.0,1800,90,0.0,0.0
371,2017-04-07,38,8970.0,1800,90,32.0,0.0
372,2017-04-08,44,8844.0,1800,90,13.0,0.0
373,2017-04-09,41,6084.0,1800,90,0.0,0.0
374,2017-04-10,45,9300.0,1800,90,105.0,15.0
375,2017-04-11,46,7962.0,1800,90,0.0,0.0
376,2017-04-12,46,8466.0,1800,90,0.0,0.0
377,2017-04-13,55,6360.0,1800,90,0.0,0.0
378,2017-04-14,53,8220.0,1800,90,0.0,0.0
379,2017-04-15,53,6876.0,1800,90,0.0,0.0
380,2017-04-16,54,7086.0,1800,90,0.0,0.0
381,2017-04-17,59,9048.0,1800,90,69.0,0.0
382,2017-04-18,60,7932.0,1800,90,0.0,0.0
383,2017-04-19,67,8574.0,1800,90,0.0,0.0
384,2017-04-20,72,8016.0,1800,90,0.0,0.0
385,2017-04-21,69,8400.0,1800,90,0.0,0.0
386,2017-04-22,61,8478.0,1800,90,0.0,0.0
387,2017-04-23,71,7194.0,1800,90,0.0,0.0
388,2017-04-24,68,8184.0,1800,90,0.0,0.0
389,2017-04-25,69,8352.0,1800,90,0.0,0.0
390,2017-04-26,61,8874.0,1800,90,36.0,0.0
391,2017-04-27,61,7368.0,1800,90,0.0,0.0
392,2017-04-28,63,7230.0,1800,90,0.0,0.0
393,2017-04-29,59,6468.0,1800,90,0.0,0.0
394,2017-04-30,62,6984.0,1800,90,0.0,0.0
395,2017-05-01,64,10218.0,1800,90,308.0,218.0
396,2017-05-02,69,8376.0,1800,90,0.0,0.0
397,2017-05-03,65,10050.0,1800,90,275.0,185.0
398,2017-05-04,64,9582.0,1800,90,181.0,91.0
399,2017-05-05,63,7140.0,1800,90,0.0,0.0
400,2017-05-06,54,9270.0,1800,90,108.0,18.0
401,2017-05-07,61,6966.0,1800,90,0.0,0.0
402,2017-05-08,59,8616.0,1800,90,0.0,0.0
403,2017-05-09,54,9444.0,1800,90,143.0,53.0
404,2017-05-10,55,9066.0,1800,90,69.0,0.0
405,2017-05-11,55,8862.0,1800,90,28.0,0.0
406,2017-05-12,55,9420.0,1800,90,139.0,49.0
407,2017-05-13,54,7914.0,1800,90,0.0,0.0
408,2017-05-14,65,8592.0,1800,90,0.0,0.0
409,2017-05-15,77,8256.0,1800,90,0.0,0.0
410,2017-05-16,70,8178.0,1800,90,0.0,0.0
411,2017-05-17,70,6876.0,1800,90,0.0,0.0
412,2017-05-18,62,7242.0,1800,90,0.0,0.0
413,2017-05-19,55,7746.0,1800,90,0.0,0.0
414,2017-05-20,45,6534.0,1800,90,0.0,0.0
415,2017-05-21,48,6066.0,1800,90,0.0,0.0
416,2017-05-22,61,8766.0,1800,90,15.0,0.0
417,2017-05-23,54,9606.0,1800,90,176.0,86.0
418,2017-05-24,51,8142.0,1800,90,0.0,0.0
419,2017-05-25,52,6750.0,1800,90,0.0,0.0
420,2017-05-26,58,7062.0,1800,90,0.0,0.0
421,2017-05-27,51,7290.0,1800,90,0.0,0.0
422,2017-05-28,58,8538.0,1800,90,0.0,0.0
423,2017-05-29,57,8112.0,1800,90,0.0,0.0
424,2017-05-30,55,7098.0,1800,90,0.0,0.0
425,2017-05-31,52,9294.0,1800,90,111.0,21.0
426,2017-06-01,54,10830.0,1800,90,420.0,330.0
427,2017-06-02,57,9840.0,1800,90,225.0,135.0
428,2017-06-03,56,7296.0,1800,90,0.0,0.0
429,2017-06-04,48,8136.0,1800,90,0.0,0.0
430,2017-06-05,56,9876.0,1800,90,232.0,142.0
431,2017-06-06,61,8268.0,1800,90,0.0,0.0
432,2017-06-07,58,9630.0,1800,90,184.0,94.0
433,2017-06-08,54,9186.0,1800,90,92.0,2.0
434,2017-06-09,56,6924.0,1800,90,0.0,0.0
435,2017-06-10,54,9312.0,1800,90,117.0,27.0
436,2017-06-11,54,7812.0,1800,90,0.0,0.0
437,2017-06-12,56,9174.0,1800,90,91.0,1.0
438,2017-06-13,56,9852.0,1800,90,227.0,137.0
439,2017-06-14,55,8376.0,1800,90,0.0,0.0
440,2017-06-15,45,7452.0,1800,90,0.0,0.0
441,2017-06-16,50,7728.0,1800,90,0.0,0.0
442,2017-06-17,52,7596.0,1800,90,0.0,0.0
443,2017-06-18,64,6540.0,1800,90,0.0,0.0
444,2017-06-19,63,8370.0,1800,90,0.0,0.0
445,2017-06-20,59,8490.0,1800,90,0.0,0.0
446,2017-06-21,60,8892.0,1800,90,39.0,0.0
447,2017-06-22,53,8598.0,1800,90,0.0,0.0
448,2017-06-23,55,6942.0,1800,90,0.0,0.0
449,2017-06-24,57,7662.0,1800,90,0.0,0.0
450,2017-06-25,63,6054.0,1800,90,0.0,0.0
451,2017-06-26,64,7620.0,1800,90,0.0,0.0
452,2017-06-27,53,7764.0,1800,90,0.0,0.0
453,2017-06-28,54,8040.0,1800,90,0.0,0.0
454,2017-06-29,57,8160.0,1800,90,0.0,0.0
455,2017-06-30,59,9060.0,1800,90,71.0,0.0
456,2017-07-01,51,8352.0,1800,90,0.0,0.0
457,2017-07-02,50,7860.0,1800,90,0.0,0.0
458,2017-07-03,60,8802.0,1800,90,21.0,0.0
459,2017-07-04,48,9228.0,1800,90,94.0,4.0
460,2017-07-05,49,10398.0,1800,90,329.0,239.0
461,2017-07-06,46,7578.0,1800,90,0.0,0.0
462,2017-07-07,44,7314.0,1800,90,0.0,0.0
463,2017-07-08,43,7398.0,1800,90,0.0,0.0
464,2017-07-09,46,7878.0,1800,90,0.0,0.0
465,2017-07-10,49,7200.0,1800,90,0.0,0.0
466,2017-07-11,47,7872.0,1800,90,0.0,0.0
467,2017-07-12,49,7524.0,1800,90,0.0,0.0
468,2017-07-13,53,6960.0,1800,90,0.0,0.0
469,2017-07-14,59,9354.0,1800,90,130.0,40.0
470,2017-07-15,62,8808.0,1800,90,24.0,0.0
471,2017-07-16,71,8982.0,1800,90,68.0,0.0
472,2017-07-17,69,9336.0,1800,90,137.0,47.0
473,2017-07-18,66,9624.0,1800,90,191.0,101.0
474,2017-07-19,59,9534.0,1800,90,166.0,76.0
475,2017-07-20,56,7152.0,1800,90,0.0,0.0
476,2017-07-21,54,8052.0,1800,90,0.0,0.0
477,2017-07-22,51,8190.0,1800,90,0.0,0.0
478,2017-07-23,55,7686.0,1800,90,0.0,0.0
479,2017-07-24,62,7530.0,1800,90,0.0,0.0
480,2017-07-25,59,8400.0,1800,90,0.0,0.0
481,2017-07-26,61,7956.0,1800,90,0.0,0.0
482,2017-07-27,55,8400.0,1800,90,0.0,0.0
483,2017-07-28,56,7104.0,1800,90,0.0,0.0
484,2017-07-29,52,8724.0,1800,90,0.0,0.0
485,2017-07-30,52,6324.0,1800,90,0.0,0.0
486,2017-07-31,73,7818.0,1800,90,0.0,0.0
487,2017-08-01,63,10476.0,1800,90,359.0,269.0
488,2017-08-02,63,10068.0,1800,90,277.0,187.0
489,2017-08-03,68,9372.0,1800,90,143.0,53.0
490,2017-08-04,66,7506.0,1800,90,0.0,0.0
491,2017-08-05,64,9672.0,1800,90,199.0,109.0
492,2017-08-06,70,6654.0,1800,90,0.0,0.0
493,2017-08-07,68,9174.0,1800,90,103.0,13.0
494,2017-08-08,63,9186.0,1800,90,101.0,11.0
495,2017-08-09,57,8712.0,1800,90,0.0,0.0
496,2017-08-10,57,8016.0,1800,90,0.0,0.0
497,2017-08-11,66,9426.0,1800,90,152.0,62.0
498,2017-08-12,62,7548.0,1800,90,0.0,0.0
499,2017-08-13,66,6408.0,1800,90,0.0,0.0
500,2017-08-14,65,9360.0,1800,90,137.0,47.0
501,2017-08-15,69,8844.0,1800,90,38.0,0.0
502,2017-08-16,66,9114.0,1800,90,89.0,0.0
503,2017-08-17,59,9006.0,1800,90,61.0,0.0
504,2017-08-18,61,8796.0,1800,90,21.0,0.0
505,2017-08-19,52,8748.0,1800,90,2.0,0.0
506,2017-08-20,61,8406.0,1800,90,0.0,0.0
507,2017-08-21,66,8316.0,1800,90,0.0,0.0
508,2017-08-22,76,8556.0,1800,90,0.0,0.0
509,2017-08-23,74,7602.0,1800,90,0.0,0.0
510,2017-08-24,72,9156.0,1800,90,104.0,14.0
511,2017-08-25,75,7092.0,1800,90,0.0,0.0
512,2017-08-26,72,8880.0,1800,90,48.0,0.0
513,2017-08-27,68,7386.0,1800,90,0.0,0.0
514,2017-08-28,73,7566.0,1800,90,0.0,0.0
515,2017-08-29,66,9546.0,1800,90,176.0,86.0
516,2017-08-30,62,6924.0,1800,90,0.0,0.0
517,2017-08-31,69,7710.0,1800,90,0.0,0.0
518,2017-09-01,78,9210.0,1800,90,120.0,30.0
519,2017-09-02,67,8922.0,1800,90,52.0,0.0
520,2017-09-03,66,9228.0,1800,90,112.0,22.0
521,2017-09-04,75,8178.0,1800,90,0.0,0.0
522,2017-09-05,76,8280.0,1800,90,0.0,0.0
523,2017-09-06,83,8010.0,1800,90,0.0,0.0
524,2017-09-07,93,7338.0,1800,90,0.0,0.0
525,2017-09-08,89,6978.0,1800,90,0.0,0.0
526,2017-09-09,89,7584.0,1800,90,0.0,0.0
527,2017-09-10,88,8586.0,1800,90,6.0,0.0
528,2017-09-11,90,8070.0,1800,90,0.0,0.0
529,2017-09-12,78,8076.0,1800,90,0.0,0.0
530,2017-09-13,88,9654.0,1800,90,219.0,129.0
531,2017-09-14,82,6666.0,1800,90,0.0,0.0
532,2017-09-15,88,8604.0,1800,90,9.0,0.0
533,2017-09-16,74,8964.0,1800,90,67.0,0.0
534,2017-09-17,79,6168.0,1800,90,0.0,0.0
535,2017-09-18,78,8946.0,1800,90,68.0,0.0
536,2017-09-19,86,7224.0,1800,90,0.0,0.0
537,2017-09-20,92,8064.0,1800,90,0.0,0.0
538,2017-09-21,101,8514.0,1800,90,4.0,0.0
539,2017-09-22,106,7794.0,1800,90,0.0,0.0
540,2017-09-23,93,8922.0,1800,90,78.0,0.0
541,2017-09-24,94,6768.0,1800,90,0.0,0.0
542,2017-09-25,93,7116.0,1800,90,0.0,0.0
543,2017-09-26,80,8670.0,1800,90,14.0,0.0
544,2017-09-27,76,7836.0,1800,90,0.0,0.0
545,2017-09-28,73,6690.0,1800,90,0.0,0.0
546,2017-09-29,83,8808.0,1800,90,45.0,0.0
547,2017-09-30,77,8304.0,1800,90,0.0,0.0
548,2017-10-01,81,9414.0,1800,90,164.0,74.0
549,2017-10-02,82,8484.0,1800,90,0.0,0.0
550,2017-10-03,88,8664.0,1800,90,21.0,0.0
551,2017-10-04,96,8820.0,1800,90,60.0,0.0
552,2017-10-05,86,9852.0,1800,90,257.0,167.0
553,2017-10-06,89,8232.0,1800,90,0.0,0.0
554,2017-10-07,81,6426.0,1800,90,0.0,0.0
555,2017-10-08,91,7014.0,1800,90,0.0,0.0
556,2017-10-09,95,9564.0,1800,90,208.0,118.0
557,2017-10-10,91,8670.0,1800,90,25.0,0.0
558,2017-10-11,88,7854.0,1800,90,0.0,0.0
559,2017-10-12,92,7050.0,1800,90,0.0,0.0
560,2017-10-13,88,6468.0,1800,90,0.0,0.0
561,2017-10-14,75,6972.0,1800,90,0.0,0.0
562,2017-10-15,88,7908.0,1800,90,0.0,0.0
563,2017-10-16,96,9054.0,1800,90,107.0,17.0
564,2017-10-17,94,7728.0,1800,90,0.0,0.0
565,2017-10-18,93,7518.0,1800,90,0.0,0.0
566,2017-10-19,93,8472.0,1800,90,0.0,0.0
567,2017-10-20,97,7434.0,1800,90,0.0,0.0
568,2017-10-21,96,6966.0,1800,90,0.0,0.0
569,2017-10-22,95,7062.0,1800,90,0.0,0.0
570,2017-10-23,89,7596.0,1800,90,0.0,0.0
571,2017-10-24,81,8346.0,1800,90,0.0,0.0
572,2017-10-25,78,7608.0,1800,90,0.0,0.0
573,2017-10-26,77,7854.0,1800,90,0.0,0.0
574,2017-10-27,73,8502.0,1800,90,0.0,0.0
575,2017-10-28,64,6462.0,1800,90,0.0,0.0
576,2017-10-29,119,7764.0,1800,90,0.0,0.0
577,2017-10-30,64,9258.0,1800,90,116.0,26.0
578,2017-10-31,64,7200.0,1800,90,0.0,0.0
579,2017-11-01,57,9930.0,1800,90,243.0,153.0
580,2017-11-02,60,8766.0,1800,90,14.0,0.0
581,2017-11-03,62,9468.0,1800,90,156.0,66.0
582,2017-11-04,49,7650.0,1800,90,0.0,0.0
583,2017-11-05,61,7086.0,1800,90,0.0,0.0
584,2017-11-06,64,7494.0,1800,90,0.0,0.0
585,2017-11-07,64,7638.0,1800,90,0.0,0.0
586,2017-11-08,58,7128.0,1800,90,0.0,0.0
587,2017-11-09,73,6360.0,1800,90,0.0,0.0
588,2017-11-10,68,6930.0,1800,90,0.0,0.0
589,2017-11-11,64,7170.0,1800,90,0.0,0.0
590,2017-11-12,61,6360.0,1800,90,0.0,0.0
591,2017-11-13,61,8610.0,1800,90,0.0,0.0
592,2017-11-14,63,8322.0,1800,90,0.0,0.0
593,2017-11-15,68,7206.0,1800,90,0.0,0.0
594,2017-11-16,65,7182.0,1800,90,0.0,0.0
595,2017-11-17,73,6870.0,1800,90,0.0,0.0
596,2017-11-18,65,6294.0,1800,90,0.0,0.0
597,2017-11-19,67,5724.0,1800,90,0.0,0.0
598,2017-11-20,70,6126.0,1800,90,0.0,0.0
599,2017-11-21,70,7740.0,1800,90,0.0,0.0
600,2017-11-22,62,7674.0,1800,90,0.0,0.0
601,2017-11-23,59,6048.0,1800,90,0.0,0.0
602,2017-11-24,60,6402.0,1800,90,0.0,0.0
603,2017-11-25,52,6444.0,1800,90,0.0,0.0
604,2017-11-26,62,5532.0,1800,90,0.0,0.0
605,2017-11-27,72,6042.0,1800,90,0.0,0.0
606,2017-11-28,70,7632.0,1800,90,0.0,0.0
607,2017-11-29,67,6150.0,1800,90,0.0,0.0
608,2017-11-30,67,7620.0,1800,90,0.0,0.0
609,2017-12-01,69,8082.0,1800,90,0.0,0.0
610,2017-12-02,62,6030.0,1800,90,0.0,0.0
611,2017-12-03,66,6312.0,1800,90,0.0,0.0
612,2017-12-04,76,7158.0,1800,90,0.0,0.0
613,2017-12-05,71,8406.0,1800,90,0.0,0.0
614,2017-12-06,66,7644.0,1800,90,0.0,0.0
615,2017-12-07,69,6954.0,1800,90,0.0,0.0
616,2017-12-08,59,6714.0,1800,90,0.0,0.0
617,2017-12-09,57,7338.0,1800,90,0.0,0.0
618,2017-12-10,66,6390.0,1800,90,0.0,0.0
619,2017-12-11,68,6162.0,1800,90,0.0,0.0
620,2017-12-12,67,7602.0,1800,90,0.0,0.0
621,2017-12-13,69,6450.0,1800,90,0.0,0.0
622,2017-12-14,79,6480.0,1800,90,0.0,0.0
623,2017-12-15,83,5556.0,1800,90,0.0,0.0
624,2017-12-16,74,7620.0,1800,90,0.0,0.0
625,2017-12-17,75,5364.0,1800,90,0.0,0.0
626,2017-12-18,83,6096.0,1800,90,0.0,0.0
627,2017-12-19,82,5988.0,1800,90,0.0,0.0
628,2017-12-20,78,6714.0,1800,90,0.0,0.0
629,2017-12-21,83,7800.0,1800,90,0.0,0.0
630,2017-12-22,81,7062.0,1800,90,0.0,0.0
631,2017-12-23,65,7152.0,1800,90,0.0,0.0
632,2017-12-24,57,4854.0,1800,90,0.0,0.0
633,2017-12-25,60,7692.0,1800,90,0.0,0.0
634,2017-12-26,62,5814.0,1800,90,0.0,0.0
635,2017-12-27,76,6558.0,1800,90,0.0,0.0
636,2017-12-28,81,6978.0,1800,90,0.0,0.0
637,2017-12-29,75,7494.0,1800,90,0.0,0.0
638,2017-12-30,71,6432.0,1800,90,0.0,0.0
639,2017-12-31,71,4908.0,1800,90,0.0,0.0
640,2018-01-01,64,9006.0,1900,90,0.0,0.0
641,2018-01-02,75,7224.0,1900,90,0.0,0.0
642,2018-01-03,74,6480.0,1900,90,0.0,0.0
643,2018-01-04,80,6756.0,1900,90,0.0,0.0
644,2018-01-05,80,8436.0,1900,90,0.0,0.0
645,2018-01-06,76,7506.0,1900,90,0.0,0.0
646,2018-01-07,81,7476.0,1900,90,0.0,0.0
647,2018-01-08,90,8412.0,1900,90,0.0,0.0
648,2018-01-09,83,8202.0,1900,90,0.0,0.0
649,2018-01-10,82,8460.0,1900,90,0.0,0.0
650,2018-01-11,80,6834.0,1900,90,0.0,0.0
651,2018-01-12,82,7374.0,1900,90,0.0,0.0
652,2018-01-13,73,6642.0,1900,90,0.0,0.0
653,2018-01-14,84,6756.0,1900,90,0.0,0.0
654,2018-01-15,90,6804.0,1900,90,0.0,0.0
655,2018-01-16,90,8040.0,1900,90,0.0,0.0
656,2018-01-17,83,5742.0,1900,90,0.0,0.0
657,2018-01-18,86,8034.0,1900,90,0.0,0.0
658,2018-01-19,93,8088.0,1900,90,0.0,0.0
659,2018-01-20,78,5808.0,1900,90,0.0,0.0
660,2018-01-21,85,6864.0,1900,90,0.0,0.0
661,2018-01-22,75,5514.0,1900,90,0.0,0.0
662,2018-01-23,66,5838.0,1900,90,0.0,0.0
663,2018-01-24,69,6486.0,1900,90,0.0,0.0
664,2018-01-25,68,5334.0,1900,90,0.0,0.0
665,2018-01-26,65,6618.0,1900,90,0.0,0.0
666,2018-01-27,65,6864.0,1900,90,0.0,0.0
667,2018-01-28,73,6390.0,1900,90,0.0,0.0
668,2018-01-29,80,7416.0,1900,90,0.0,0.0
669,2018-01-30,81,5484.0,1900,90,0.0,0.0
670,2018-01-31,84,6438.0,1900,90,0.0,0.0
671,2018-02-01,70,8400.0,1900,90,0.0,0.0
672,2018-02-02,77,7938.0,1900,90,0.0,0.0
673,2018-02-03,63,8616.0,1900,90,0.0,0.0
674,2018-02-04,71,7686.0,1900,90,0.0,0.0
675,2018-02-05,70,7548.0,1900,90,0.0,0.0
676,2018-02-06,69,7416.0,1900,90,0.0,0.0
677,2018-02-07,69,6960.0,1900,90,0.0,0.0
678,2018-02-08,73,7962.0,1900,90,0.0,0.0
679,2018-02-09,66,8310.0,1900,90,0.0,0.0
680,2018-02-10,56,8010.0,1900,90,0.0,0.0
681,2018-02-11,66,6606.0,1900,90,0.0,0.0
682,2018-02-12,75,6576.0,1900,90,0.0,0.0
683,2018-02-13,58,7410.0,1900,90,0.0,0.0
684,2018-02-14,64,7038.0,1900,90,0.0,0.0
685,2018-02-15,60,7176.0,1900,90,0.0,0.0
686,2018-02-16,75,5868.0,1900,90,0.0,0.0
687,2018-02-17,64,7788.0,1900,90,0.0,0.0
688,2018-02-18,65,7284.0,1900,90,0.0,0.0
689,2018-02-19,67,8076.0,1900,90,0.0,0.0
690,2018-02-20,67,6678.0,1900,90,0.0,0.0
691,2018-02-21,75,8784.0,1900,90,0.0,0.0
692,2018-02-22,68,5958.0,1900,90,0.0,0.0
693,2018-02-23,71,8634.0,1900,90,0.0,0.0
694,2018-02-24,71,5868.0,1900,90,0.0,0.0
695,2018-02-25,79,5634.0,1900,90,0.0,0.0
696,2018-02-26,79,6066.0,1900,90,0.0,0.0
697,2018-02-27,80,8544.0,1900,90,0.0,0.0
698,2018-02-28,85,8880.0,1900,90,0.0,0.0
699,2018-03-01,78,10152.0,1900,90,209.0,119.0
700,2018-03-02,80,8802.0,1900,90,0.0,0.0
701,2018-03-03,72,7980.0,1900,90,0.0,0.0
702,2018-03-04,74,7752.0,1900,90,0.0,0.0
703,2018-03-05,78,9588.0,1900,90,96.0,6.0
704,2018-03-06,69,8406.0,1900,90,0.0,0.0
705,2018-03-07,76,9462.0,1900,90,69.0,0.0
706,2018-03-08,80,7368.0,1900,90,0.0,0.0
707,2018-03-09,87,7782.0,1900,90,0.0,0.0
708,2018-03-10,76,8196.0,1900,90,0.0,0.0
709,2018-03-11,68,7704.0,1900,90,0.0,0.0
710,2018-03-12,68,9072.0,1900,90,0.0,0.0
711,2018-03-13,68,9480.0,1900,90,64.0,0.0
712,2018-03-14,78,7134.0,1900,90,0.0,0.0
713,2018-03-15,84,9306.0,1900,90,46.0,0.0
714,2018-03-16,82,7602.0,1900,90,0.0,0.0
715,2018-03-17,72,7932.0,1900,90,0.0,0.0
716,2018-03-18,74,7920.0,1900,90,0.0,0.0
717,2018-03-19,76,8646.0,1900,90,0.0,0.0
718,2018-03-20,88,6708.0,1900,90,0.0,0.0
719,2018-03-21,94,8166.0,1900,90,0.0,0.0
720,2018-03-22,88,7116.0,1900,90,0.0,0.0
721,2018-03-23,100,7290.0,1900,90,0.0,0.0
722,2018-03-24,84,6612.0,1900,90,0.0,0.0
723,2018-03-25,83,7248.0,1900,90,0.0,0.0
724,2018-03-26,74,7680.0,1900,90,0.0,0.0
725,2018-03-27,70,7470.0,1900,90,0.0,0.0
726,2018-03-28,69,6876.0,1900,90,0.0,0.0
727,2018-03-29,81,8190.0,1900,90,0.0,0.0
728,2018-03-30,89,8526.0,1900,90,0.0,0.0
729,2018-03-31,72,8010.0,1900,90,0.0,0.0
730,2018-04-01,64,9522.0,1900,90,69.0,0.0
731,2018-04-02,58,9642.0,1900,90,87.0,0.0
732,2018-04-03,65,9048.0,1900,90,0.0,0.0
733,2018-04-04,62,10566.0,1900,90,276.0,186.0
734,2018-04-05,65,7932.0,1900,90,0.0,0.0
735,2018-04-06,67,9654.0,1900,90,98.0,8.0
736,2018-04-07,68,8202.0,1900,90,0.0,0.0
737,2018-04-08,70,8268.0,1900,90,0.0,0.0
738,2018-04-09,74,9438.0,1900,90,62.0,0.0
739,2018-04-10,66,8580.0,1900,90,0.0,0.0
740,2018-04-11,70,7686.0,1900,90,0.0,0.0
741,2018-04-12,73,10080.0,1900,90,189.0,99.0
742,2018-04-13,72,8454.0,1900,90,0.0,0.0
743,2018-04-14,64,8490.0,1900,90,0.0,0.0
744,2018-04-15,65,7782.0,1900,90,0.0,0.0
745,2018-04-16,60,8160.0,1900,90,0.0,0.0
746,2018-04-17,56,10068.0,1900,90,170.0,80.0
747,2018-04-18,64,8352.0,1900,90,0.0,0.0
748,2018-04-19,64,7080.0,1900,90,0.0,0.0
749,2018-04-20,61,9534.0,1900,90,68.0,0.0
750,2018-04-21,57,9288.0,1900,90,15.0,0.0
751,2018-04-22,58,8760.0,1900,90,0.0,0.0
752,2018-04-23,57,8136.0,1900,90,0.0,0.0
753,2018-04-24,52,8412.0,1900,90,0.0,0.0
754,2018-04-25,55,9174.0,1900,90,0.0,0.0
755,2018-04-26,58,9522.0,1900,90,63.0,0.0
756,2018-04-27,55,8220.0,1900,90,0.0,0.0
757,2018-04-28,54,8178.0,1900,90,0.0,0.0
758,2018-04-29,55,8412.0,1900,90,0.0,0.0
759,2018-04-30,60,9504.0,1900,90,61.0,0.0
760,2018-05-01,65,9714.0,1900,90,108.0,18.0
761,2018-05-02,74,8880.0,1900,90,0.0,0.0
762,2018-05-03,78,8652.0,1900,90,0.0,0.0
763,2018-05-04,76,9078.0,1900,90,0.0,0.0
764,2018-05-05,71,9642.0,1900,90,100.0,10.0
765,2018-05-06,72,9882.0,1900,90,149.0,59.0
766,2018-05-07,70,10320.0,1900,90,234.0,144.0
767,2018-05-08,55,9078.0,1900,90,0.0,0.0
768,2018-05-09,53,8358.0,1900,90,0.0,0.0
769,2018-05-10,53,8562.0,1900,90,0.0,0.0
770,2018-05-11,55,8268.0,1900,90,0.0,0.0
771,2018-05-12,49,9432.0,1900,90,36.0,0.0
772,2018-05-13,56,8190.0,1900,90,0.0,0.0
773,2018-05-14,63,8244.0,1900,90,0.0,0.0
774,2018-05-15,63,7992.0,1900,90,0.0,0.0
775,2018-05-16,60,9480.0,1900,90,56.0,0.0
776,2018-05-17,66,7518.0,1900,90,0.0,0.0
777,2018-05-18,68,9942.0,1900,90,157.0,67.0
778,2018-05-19,73,6822.0,1900,90,0.0,0.0
779,2018-05-20,78,8460.0,1900,90,0.0,0.0
780,2018-05-21,78,9654.0,1900,90,109.0,19.0
781,2018-05-22,83,8442.0,1900,90,0.0,0.0
782,2018-05-23,80,7422.0,1900,90,0.0,0.0
783,2018-05-24,90,8814.0,1900,90,0.0,0.0
784,2018-05-25,102,7572.0,1900,90,0.0,0.0
785,2018-05-26,89,8136.0,1900,90,0.0,0.0
786,2018-05-27,88,7428.0,1900,90,0.0,0.0
787,2018-05-28,80,8862.0,1900,90,0.0,0.0
788,2018-05-29,70,8226.0,1900,90,0.0,0.0
789,2018-05-30,68,8064.0,1900,90,0.0,0.0
790,2018-05-31,67,7392.0,1900,90,0.0,0.0
791,2018-06-01,66,10752.0,1900,90,317.0,227.0
792,2018-06-02,60,8766.0,1900,90,0.0,0.0
793,2018-06-03,71,9834.0,1900,90,138.0,48.0
794,2018-06-04,80,11370.0,1900,90,454.0,364.0
795,2018-06-05,71,10020.0,1900,90,175.0,85.0
796,2018-06-06,77,9180.0,1900,90,13.0,0.0
797,2018-06-07,77,8718.0,1900,90,0.0,0.0
798,2018-06-08,78,8208.0,1900,90,0.0,0.0
799,2018-06-09,79,9318.0,1900,90,43.0,0.0
800,2018-06-10,90,7068.0,1900,90,0.0,0.0
801,2018-06-11,78,9012.0,1900,90,0.0,0.0
802,2018-06-12,72,10380.0,1900,90,248.0,158.0
803,2018-06-13,80,10638.0,1900,90,308.0,218.0
804,2018-06-14,78,8826.0,1900,90,0.0,0.0
805,2018-06-15,85,8994.0,1900,90,0.0,0.0
806,2018-06-16,82,8196.0,1900,90,0.0,0.0
807,2018-06-17,89,7488.0,1900,90,0.0,0.0
808,2018-06-18,86,8382.0,1900,90,0.0,0.0
809,2018-06-19,85,10452.0,1900,90,276.0,186.0
810,2018-06-20,90,9060.0,1900,90,2.0,0.0
811,2018-06-21,90,7902.0,1900,90,0.0,0.0
812,2018-06-22,91,7356.0,1900,90,0.0,0.0
813,2018-06-23,86,9600.0,1900,90,106.0,16.0
814,2018-06-24,86,8148.0,1900,90,0.0,0.0
815,2018-06-25,100,10122.0,1900,90,225.0,135.0
816,2018-06-26,85,9948.0,1900,90,175.0,85.0
817,2018-06-27,86,8070.0,1900,90,0.0,0.0
818,2018-06-28,82,9588.0,1900,90,100.0,10.0
819,2018-06-29,89,9510.0,1900,90,91.0,1.0
820,2018-06-30,90,7692.0,1900,90,0.0,0.0
821,2018-07-01,81,9240.0,1900,90,29.0,0.0
822,2018-07-02,80,10416.0,1900,90,264.0,174.0
823,2018-07-03,70,8694.0,1900,90,0.0,0.0
824,2018-07-04,60,8844.0,1900,90,0.0,0.0
825,2018-07-05,63,8544.0,1900,90,0.0,0.0
826,2018-07-06,71,9462.0,1900,90,64.0,0.0
827,2018-07-07,72,9420.0,1900,90,56.0,0.0
828,2018-07-08,78,8418.0,1900,90,0.0,0.0
829,2018-07-09,83,9336.0,1900,90,51.0,0.0
830,2018-07-10,78,9768.0,1900,90,132.0,42.0
831,2018-07-11,84,9348.0,1900,90,54.0,0.0
832,2018-07-12,80,10572.0,1900,90,295.0,205.0
833,2018-07-13,66,9300.0,1900,90,26.0,0.0
834,2018-07-14,66,10050.0,1900,90,176.0,86.0
835,2018-07-15,73,8742.0,1900,90,0.0,0.0
836,2018-07-16,70,9960.0,1900,90,162.0,72.0
837,2018-07-17,62,9210.0,1900,90,4.0,0.0
838,2018-07-18,65,9354.0,1900,90,36.0,0.0
839,2018-07-19,75,9378.0,1900,90,51.0,0.0
840,2018-07-20,72,7740.0,1900,90,0.0,0.0
841,2018-07-21,65,8550.0,1900,90,0.0,0.0
842,2018-07-22,62,6978.0,1900,90,0.0,0.0
843,2018-07-23,69,8148.0,1900,90,0.0,0.0
844,2018-07-24,69,9396.0,1900,90,49.0,0.0
845,2018-07-25,69,8586.0,1900,90,0.0,0.0
846,2018-07-26,78,8322.0,1900,90,0.0,0.0
847,2018-07-27,82,7872.0,1900,90,0.0,0.0
848,2018-07-28,77,7110.0,1900,90,0.0,0.0
849,2018-07-29,91,8376.0,1900,90,0.0,0.0
850,2018-07-30,92,8442.0,1900,90,0.0,0.0
851,2018-07-31,87,8394.0,1900,90,0.0,0.0
852,2018-08-01,75,9114.0,1900,90,0.0,0.0
853,2018-08-02,79,9024.0,1900,90,0.0,0.0
854,2018-08-03,77,9780.0,1900,90,133.0,43.0
855,2018-08-04,64,8946.0,1900,90,0.0,0.0
856,2018-08-05,61,9054.0,1900,90,0.0,0.0
857,2018-08-06,68,8322.0,1900,90,0.0,0.0
858,2018-08-07,69,9108.0,1900,90,0.0,0.0
859,2018-08-08,74,8676.0,1900,90,0.0,0.0
860,2018-08-09,75,7926.0,1900,90,0.0,0.0
861,2018-08-10,74,8406.0,1900,90,0.0,0.0
862,2018-08-11,59,7692.0,1900,90,0.0,0.0
863,2018-08-12,63,8070.0,1900,90,0.0,0.0
864,2018-08-13,64,8016.0,1900,90,0.0,0.0
865,2018-08-14,58,10146.0,1900,90,188.0,98.0
866,2018-08-15,53,8304.0,1900,90,0.0,0.0
867,2018-08-16,56,9648.0,1900,90,86.0,0.0
868,2018-08-17,62,7842.0,1900,90,0.0,0.0
869,2018-08-18,66,7470.0,1900,90,0.0,0.0
870,2018-08-19,75,9228.0,1900,90,21.0,0.0
871,2018-08-20,79,8304.0,1900,90,0.0,0.0
872,2018-08-21,71,9996.0,1900,90,171.0,81.0
873,2018-08-22,79,9354.0,1900,90,50.0,0.0
874,2018-08-23,83,9786.0,1900,90,141.0,51.0
875,2018-08-24,89,9072.0,1900,90,4.0,0.0
876,2018-08-25,82,9558.0,1900,90,94.0,4.0
877,2018-08-26,95,8712.0,1900,90,0.0,0.0
878,2018-08-27,90,9138.0,1900,90,18.0,0.0
879,2018-08-28,92,8652.0,1900,90,0.0,0.0
880,2018-08-29,80,8064.0,1900,90,0.0,0.0
881,2018-08-30,77,8244.0,1900,90,0.0,0.0
882,2018-08-31,87,9780.0,1900,90,143.0,53.0
883,2018-09-01,84,10644.0,1900,90,313.0,223.0
884,2018-09-02,83,10002.0,1900,90,184.0,94.0
885,2018-09-03,85,10656.0,1900,90,317.0,227.0
886,2018-09-04,80,9270.0,1900,90,34.0,0.0
887,2018-09-05,82,10752.0,1900,90,333.0,243.0
888,2018-09-06,88,9966.0,1900,90,182.0,92.0
889,2018-09-07,91,9336.0,1900,90,59.0,0.0
890,2018-09-08,85,8970.0,1900,90,0.0,0.0
891,2018-09-09,94,8622.0,1900,90,0.0,0.0
892,2018-09-10,102,7896.0,1900,90,0.0,0.0
893,2018-09-11,90,9504.0,1900,90,91.0,1.0
894,2018-09-12,91,9606.0,1900,90,113.0,23.0
895,2018-09-13,97,8010.0,1900,90,0.0,0.0
896,2018-09-14,100,7662.0,1900,90,0.0,0.0
897,2018-09-15,97,7746.0,1900,90,0.0,0.0
898,2018-09-16,93,9120.0,1900,90,17.0,0.0
899,2018-09-17,90,7680.0,1900,90,0.0,0.0
900,2018-09-18,89,8892.0,1900,90,0.0,0.0
901,2018-09-19,107,8040.0,1900,90,0.0,0.0
902,2018-09-20,116,8784.0,1900,90,0.0,0.0
903,2018-09-21,116,9108.0,1900,90,38.0,0.0
904,2018-09-22,102,9438.0,1900,90,90.0,0.0
905,2018-09-23,104,6420.0,1900,90,0.0,0.0
906,2018-09-24,104,8700.0,1900,90,0.0,0.0
907,2018-09-25,106,9228.0,1900,90,52.0,0.0
908,2018-09-26,104,8364.0,1900,90,0.0,0.0
909,2018-09-27,106,7800.0,1900,90,0.0,0.0
910,2018-09-28,114,7278.0,1900,90,0.0,0.0
911,2018-09-29,100,7224.0,1900,90,0.0,0.0
912,2018-09-30,102,7734.0,1900,90,0.0,0.0
913,2018-10-01,100,9456.0,1900,90,92.0,2.0
914,2018-10-02,89,9036.0,1900,90,0.0,0.0
915,2018-10-03,94,8592.0,1900,90,0.0,0.0
916,2018-10-04,93,10188.0,1900,90,231.0,141.0
917,2018-10-05,92,8964.0,1900,90,0.0,0.0
918,2018-10-06,77,7764.0,1900,90,0.0,0.0
919,2018-10-07,85,7518.0,1900,90,0.0,0.0
920,2018-10-08,93,9990.0,1900,90,191.0,101.0
921,2018-10-09,97,9870.0,1900,90,171.0,81.0
922,2018-10-10,97,7896.0,1900,90,0.0,0.0
923,2018-10-11,103,7302.0,1900,90,0.0,0.0
924,2018-10-12,106,7506.0,1900,90,0.0,0.0
925,2018-10-13,93,9318.0,1900,90,57.0,0.0
926,2018-10-14,99,8124.0,1900,90,0.0,0.0
927,2018-10-15,102,7194.0,1900,90,0.0,0.0
928,2018-10-16,97,9300.0,1900,90,57.0,0.0
929,2018-10-17,97,9834.0,1900,90,164.0,74.0
930,2018-10-18,100,8874.0,1900,90,0.0,0.0
931,2018-10-19,109,6852.0,1900,90,0.0,0.0
932,2018-10-20,98,6816.0,1900,90,0.0,0.0
933,2018-10-21,103,8832.0,1900,90,0.0,0.0
934,2018-10-22,102,7968.0,1900,90,0.0,0.0
935,2018-10-23,98,9468.0,1900,90,92.0,2.0
936,2018-10-24,90,7074.0,1900,90,0.0,0.0
937,2018-10-25,78,7512.0,1900,90,0.0,0.0
938,2018-10-26,81,7092.0,1900,90,0.0,0.0
939,2018-10-27,79,8766.0,1900,90,0.0,0.0
940,2018-10-28,87,7710.0,1900,90,0.0,0.0
941,2018-10-29,93,7662.0,1900,90,0.0,0.0
942,2018-10-30,82,7164.0,1900,90,0.0,0.0
943,2018-10-31,85,8502.0,1900,90,0.0,0.0
944,2018-11-01,77,9174.0,1900,90,12.0,0.0
945,2018-11-02,75,10140.0,1900,90,203.0,113.0
946,2018-11-03,70,7806.0,1900,90,0.0,0.0
947,2018-11-04,72,9168.0,1900,90,6.0,0.0
948,2018-11-05,75,7752.0,1900,90,0.0,0.0
949,2018-11-06,62,9132.0,1900,90,0.0,0.0
950,2018-11-07,57,7638.0,1900,90,0.0,0.0
951,2018-11-08,58,7188.0,1900,90,0.0,0.0
952,2018-11-09,66,7722.0,1900,90,0.0,0.0
953,2018-11-10,60,9150.0,1900,90,0.0,0.0
954,2018-11-11,67,8880.0,1900,90,0.0,0.0
955,2018-11-12,75,7614.0,1900,90,0.0,0.0
956,2018-11-13,63,8322.0,1900,90,0.0,0.0
957,2018-11-14,61,7614.0,1900,90,0.0,0.0
958,2018-11-15,66,7146.0,1900,90,0.0,0.0
959,2018-11-16,78,6558.0,1900,90,0.0,0.0
960,2018-11-17,71,6882.0,1900,90,0.0,0.0
961,2018-11-18,74,8610.0,1900,90,0.0,0.0
962,2018-11-19,88,9120.0,1900,90,12.0,0.0
963,2018-11-20,79,7200.0,1900,90,0.0,0.0
964,2018-11-21,72,8034.0,1900,90,0.0,0.0
965,2018-11-22,72,9060.0,1900,90,0.0,0.0
966,2018-11-23,73,6690.0,1900,90,0.0,0.0
967,2018-11-24,63,7812.0,1900,90,0.0,0.0
968,2018-11-25,74,7740.0,1900,90,0.0,0.0
969,2018-11-26,72,8046.0,1900,90,0.0,0.0
970,2018-11-27,81,6810.0,1900,90,0.0,0.0
971,2018-11-28,78,8598.0,1900,90,0.0,0.0
972,2018-11-29,78,7716.0,1900,90,0.0,0.0
973,2018-11-30,91,7518.0,1900,90,0.0,0.0
974,2018-12-01,72,9678.0,1900,90,108.0,18.0
975,2018-12-02,79,7812.0,1900,90,0.0,0.0
976,2018-12-03,88,9486.0,1900,90,86.0,0.0
977,2018-12-04,90,7896.0,1900,90,0.0,0.0
978,2018-12-05,85,8076.0,1900,90,0.0,0.0
979,2018-12-06,81,8220.0,1900,90,0.0,0.0
980,2018-12-07,84,8268.0,1900,90,0.0,0.0
981,2018-12-08,73,8292.0,1900,90,0.0,0.0
982,2018-12-09,74,6024.0,1900,90,0.0,0.0
983,2018-12-10,87,8616.0,1900,90,0.0,0.0
984,2018-12-11,88,6942.0,1900,90,0.0,0.0
985,2018-12-12,95,6516.0,1900,90,0.0,0.0
986,2018-12-13,101,8010.0,1900,90,0.0,0.0
987,2018-12-14,85,6552.0,1900,90,0.0,0.0
988,2018-12-15,72,6102.0,1900,90,0.0,0.0
989,2018-12-16,83,5850.0,1900,90,0.0,0.0
990,2018-12-17,94,8532.0,1900,90,0.0,0.0
991,2018-12-18,94,8238.0,1900,90,0.0,0.0
992,2018-12-19,100,8982.0,1900,90,0.0,0.0
993,2018-12-20,95,7620.0,1900,90,0.0,0.0
994,2018-12-21,106,5844.0,1900,90,0.0,0.0
995,2018-12-22,85,5904.0,1900,90,0.0,0.0
996,2018-12-23,76,6684.0,1900,90,0.0,0.0
997,2018-12-24,59,7392.0,1900,90,0.0,0.0
998,2018-12-25,58,7008.0,1900,90,0.0,0.0
999,2018-12-26,63,6744.0,1900,90,0.0,0.0
1000,2018-12-27,74,8316.0,1900,90,0.0,0.0
1001,2018-12-28,78,8652.0,1900,90,0.0,0.0
1002,2018-12-29,76,6006.0,1900,90,0.0,0.0
1003,2018-12-30,78,6120.0,1900,90,0.0,0.0
1004,2018-12-31,75,6318.0,1900,90,0.0,0.0
1005,2019-01-01,57,8382.0,1900,90,0.0,0.0
1006,2019-01-02,82,9672.0,1900,90,117.0,27.0
1007,2019-01-03,83,7404.0,1900,90,0.0,0.0
1008,2019-01-04,83,9240.0,1900,90,31.0,0.0
1009,2019-01-05,73,7746.0,1900,90,0.0,0.0
1010,2019-01-06,75,7266.0,1900,90,0.0,0.0
1011,2019-01-07,78,6798.0,1900,90,0.0,0.0
1012,2019-01-08,79,8952.0,1900,90,0.0,0.0
1013,2019-01-09,81,8934.0,1900,90,0.0,0.0
1014,2019-01-10,74,8454.0,1900,90,0.0,0.0
1015,2019-01-11,85,8544.0,1900,90,0.0,0.0
1016,2019-01-12,71,7824.0,1900,90,0.0,0.0
1017,2019-01-13,71,7002.0,1900,90,0.0,0.0
1018,2019-01-14,75,8118.0,1900,90,0.0,0.0
1019,2019-01-15,71,7152.0,1900,90,0.0,0.0
1020,2019-01-16,72,9240.0,1900,90,20.0,0.0
1021,2019-01-17,75,7332.0,1900,90,0.0,0.0
1022,2019-01-18,71,7254.0,1900,90,0.0,0.0
1023,2019-01-19,58,8166.0,1900,90,0.0,0.0
1024,2019-01-20,70,7440.0,1900,90,0.0,0.0
1025,2019-01-21,72,8430.0,1900,90,0.0,0.0
1026,2019-01-22,72,8196.0,1900,90,0.0,0.0
1027,2019-01-23,72,8850.0,1900,90,0.0,0.0
1028,2019-01-24,73,6258.0,1900,90,0.0,0.0
1029,2019-01-25,71,7284.0,1900,90,0.0,0.0
1030,2019-01-26,69,5760.0,1900,90,0.0,0.0
1031,2019-01-27,70,7512.0,1900,90,0.0,0.0
1032,2019-01-28,80,8994.0,1900,90,0.0,0.0
1033,2019-01-29,74,8532.0,1900,90,0.0,0.0
1034,2019-01-30,76,6354.0,1900,90,0.0,0.0
1035,2019-01-31,85,6276.0,1900,90,0.0,0.0
1036,2019-02-01,75,8292.0,1900,90,0.0,0.0
1037,2019-02-02,56,7512.0,1900,90,0.0,0.0
1038,2019-02-03,51,9012.0,1900,90,0.0,0.0
1039,2019-02-04,58,10710.0,1900,90,300.0,210.0
1040,2019-02-05,49,9204.0,1900,90,0.0,0.0
1041,2019-02-06,57,8994.0,1900,90,0.0,0.0
1042,2019-02-07,61,9984.0,1900,90,158.0,68.0
1043,2019-02-08,54,8226.0,1900,90,0.0,0.0
1044,2019-02-09,49,6924.0,1900,90,0.0,0.0
1045,2019-02-10,51,7566.0,1900,90,0.0,0.0
1046,2019-02-11,55,7656.0,1900,90,0.0,0.0
1047,2019-02-12,57,8508.0,1900,90,0.0,0.0
1048,2019-02-13,62,7302.0,1900,90,0.0,0.0
1049,2019-02-14,55,7086.0,1900,90,0.0,0.0
1050,2019-02-15,64,7002.0,1900,90,0.0,0.0
1051,2019-02-16,68,9036.0,1900,90,0.0,0.0
1052,2019-02-17,80,6126.0,1900,90,0.0,0.0
1053,2019-02-18,81,7764.0,1900,90,0.0,0.0
1054,2019-02-19,81,7638.0,1900,90,0.0,0.0
1055,2019-02-20,80,6972.0,1900,90,0.0,0.0
1056,2019-02-21,82,9480.0,1900,90,78.0,0.0
1057,2019-02-22,85,9318.0,1900,90,49.0,0.0
1058,2019-02-23,69,9042.0,1900,90,0.0,0.0
1059,2019-02-24,71,6384.0,1900,90,0.0,0.0
1060,2019-02-25,72,9324.0,1900,90,37.0,0.0
1061,2019-02-26,68,8568.0,1900,90,0.0,0.0
1062,2019-02-27,67,9522.0,1900,90,72.0,0.0
1063,2019-02-28,57,6762.0,1900,90,0.0,0.0
1064,2019-03-01,60,10608.0,1900,90,282.0,192.0
1065,2019-03-02,60,10620.0,1900,90,284.0,194.0
1066,2019-03-03,65,10026.0,1900,90,171.0,81.0
1067,2019-03-04,67,9906.0,1900,90,149.0,59.0
1068,2019-03-05,62,9312.0,1900,90,25.0,0.0
1069,2019-03-06,66,8112.0,1900,90,0.0,0.0
1070,2019-03-07,59,9684.0,1900,90,96.0,6.0
1071,2019-03-08,56,9018.0,1900,90,0.0,0.0
1072,2019-03-09,51,8826.0,1900,90,0.0,0.0
1073,2019-03-10,55,7254.0,1900,90,0.0,0.0
1074,2019-03-11,58,8394.0,1900,90,0.0,0.0
1075,2019-03-12,62,9348.0,1900,90,32.0,0.0
1076,2019-03-13,70,10536.0,1900,90,278.0,188.0
1077,2019-03-14,74,9120.0,1900,90,0.0,0.0
1078,2019-03-15,66,7944.0,1900,90,0.0,0.0
1079,2019-03-16,55,9906.0,1900,90,137.0,47.0
1080,2019-03-17,66,8616.0,1900,90,0.0,0.0
1081,2019-03-18,69,7608.0,1900,90,0.0,0.0
1082,2019-03-19,74,9768.0,1900,90,128.0,38.0
1083,2019-03-20,75,10080.0,1900,90,191.0,101.0
1084,2019-03-21,77,9660.0,1900,90,109.0,19.0
1085,2019-03-22,71,8742.0,1900,90,0.0,0.0
1086,2019-03-23,68,7386.0,1900,90,0.0,0.0
1087,2019-03-24,75,9294.0,1900,90,34.0,0.0
1088,2019-03-25,83,8724.0,1900,90,0.0,0.0
1089,2019-03-26,78,10008.0,1900,90,180.0,90.0
1090,2019-03-27,85,7446.0,1900,90,0.0,0.0
1091,2019-03-28,88,9996.0,1900,90,188.0,98.0
1092,2019-03-29,91,8076.0,1900,90,0.0,0.0
1093,2019-03-30,83,7356.0,1900,90,0.0,0.0
1094,2019-03-31,90,7134.0,1900,90,0.0,0.0
1095,2019-04-01,85,11850.0,1900,90,555.0,465.0
1096,2019-04-02,81,10920.0,1900,90,365.0,275.0
1097,2019-04-03,79,11328.0,1900,90,445.0,355.0
1098,2019-04-04,75,10260.0,1900,90,227.0,137.0
1099,2019-04-05,67,9444.0,1900,90,56.0,0.0
1100,2019-04-06,57,9900.0,1900,90,137.0,47.0
1101,2019-04-07,67,8034.0,1900,90,0.0,0.0
1102,2019-04-08,80,9786.0,1900,90,138.0,48.0
1103,2019-04-09,70,10050.0,1900,90,180.0,90.0
1104,2019-04-10,68,10638.0,1900,90,296.0,206.0
1105,2019-04-11,68,9036.0,1900,90,0.0,0.0
1106,2019-04-12,71,8256.0,1900,90,0.0,0.0
1107,2019-04-13,65,9264.0,1900,90,18.0,0.0
1108,2019-04-14,70,7188.0,1900,90,0.0,0.0
1109,2019-04-15,71,10746.0,1900,90,321.0,231.0
1110,2019-04-16,71,8286.0,1900,90,0.0,0.0
1111,2019-04-17,73,9072.0,1900,90,0.0,0.0
1112,2019-04-18,81,9522.0,1900,90,86.0,0.0
1113,2019-04-19,81,9312.0,1900,90,44.0,0.0
1114,2019-04-20,77,10008.0,1900,90,179.0,89.0
1115,2019-04-21,78,9588.0,1900,90,96.0,6.0
1116,2019-04-22,81,8058.0,1900,90,0.0,0.0
1117,2019-04-23,89,10218.0,1900,90,233.0,143.0
1118,2019-04-24,91,10692.0,1900,90,330.0,240.0
1119,2019-04-25,82,8862.0,1900,90,0.0,0.0
1120,2019-04-26,80,8532.0,1900,90,0.0,0.0
1121,2019-04-27,79,8670.0,1900,90,0.0,0.0
1122,2019-04-28,80,7314.0,1900,90,0.0,0.0
1123,2019-04-29,80,9192.0,1900,90,19.0,0.0
1124,2019-04-30,76,10296.0,1900,90,236.0,146.0
1125,2019-05-01,69,10494.0,1900,90,268.0,178.0
1126,2019-05-02,70,9606.0,1900,90,92.0,2.0
1127,2019-05-03,74,11742.0,1900,90,523.0,433.0
1128,2019-05-04,66,11334.0,1900,90,433.0,343.0
1129,2019-05-05,75,10044.0,1900,90,184.0,94.0
1130,2019-05-06,67,10464.0,1900,90,260.0,170.0
1131,2019-05-07,78,10944.0,1900,90,367.0,277.0
1132,2019-05-08,80,10368.0,1900,90,254.0,164.0
1133,2019-05-09,76,9648.0,1900,90,106.0,16.0
1134,2019-05-10,80,10638.0,1900,90,308.0,218.0
1135,2019-05-11,69,8454.0,1900,90,0.0,0.0
1136,2019-05-12,78,8040.0,1900,90,0.0,0.0
1137,2019-05-13,82,10698.0,1900,90,322.0,232.0
1138,2019-05-14,81,9480.0,1900,90,77.0,0.0
1139,2019-05-15,81,9528.0,1900,90,87.0,0.0
1140,2019-05-16,81,10866.0,1900,90,355.0,265.0
1141,2019-05-17,88,8790.0,1900,90,0.0,0.0
1142,2019-05-18,72,10524.0,1900,90,277.0,187.0
1143,2019-05-19,78,8316.0,1900,90,0.0,0.0
1144,2019-05-20,84,9102.0,1900,90,5.0,0.0
1145,2019-05-21,66,8664.0,1900,90,0.0,0.0
1146,2019-05-22,76,9480.0,1900,90,72.0,0.0
1147,2019-05-23,86,8544.0,1900,90,0.0,0.0
1148,2019-05-24,81,8814.0,1900,90,0.0,0.0
1149,2019-05-25,76,9846.0,1900,90,146.0,56.0
1150,2019-05-26,83,9882.0,1900,90,160.0,70.0
1151,2019-05-27,77,8790.0,1900,90,0.0,0.0
